Workbook

Sheet Volumi invasi 23-26
A1: PROSPETTO VOLUMI INVASATI NELLE DIGHE DELLA SICILIA - CITTA' DI PALERMO
A2: DIGA | B2: Capacità invaso (m³) 2026 | C2: VOLUME (m³)
C3: 2022 | O3: 2023 | AA3: 2024 | AM3: 2025 | AY3: 2026
C4: 01 | D4: 02 | E4: 03 | F4: 04 | G4: 05 | H4: 06 | I4: 07 | J4: 08 | K4: 09 | L4: 10 | M4: 11 | N4: 12 | O4: 01 | P4: 02 | Q4: 03 | R4: 04 | S4: 05 | T4: 06 | U4: 07 | V4: 08 | W4: 09 | X4: 10 | Y4: 11 | Z4: 12 | AA4: 01 | AB4: 02 | AC4: 03 | AD4: 04 | AE4: 05 | AF4: 06 | AG4: 07 | AH4: 08 | AI4: 09 | AJ4: 10 | AK4: 11 | AL4: 12 | AM4: 01 | AN4: 02 | AO4: 03 | AP4: 04 | AQ4: 05 | AR4: 06 | AS4: 07 | AT4: 08 | AU4: 09 | AV4: 10 | AW4: 11 | AX4: 12 | AY4: 01 | AZ4: 02 | BA4: 03 | BB4: 04 | BC4: 05 | BD4: 06 | BE4: 07 | BF4: 08 | BG4: 09 | BH4: 10 | BI4: 11 | BJ4: 12
A5: GARCIA | B5: 80 | C5: 55.3 | D5: 49.64 | E5: 52.66 | F5: 54.34 | G5: 55.62 | H5: 55.82 | I5: 51.76 | J5: 41.67 | K5: 35.2 | L5: 33.8 | M5: 34.25 | N5: 37.94 | O5: 39.11 | P5: 43.93 | Q5: 49.53 | R5: 62.75 | S5: 59.32 | T5: 59.58 | U5: 57.56 | V5: 49.89 | W5: 41.95 | X5: 33.97 | Y5: 25.7 | Z5: 24.28 | AA5: 23.08 | AB5: 22.6 | AC5: 23.14 | AD5: 26.72 | AE5: 25.6 | AF5: 24.25 | AG5: 21.69 | AH5: 16.82 | AI5: 14.77 | AJ5: 13 | AK5: 11.69 | AL5: 10.68 | AM5: 10.38 | AN5: 12.71 | AO5: 18.01 | AP5: 19.02 | AQ5: 19.59 | AR5: 20.1 | AS5: 18.68 | AT5: 15.67 | AU5: 14.77 | AV5: 8.33 | AW5: 6.84 | AX5: 6.08 | AY5: 6 | AZ5: 13.69 | BA5: 30.18 | BB5: 37.64 | BC5: 48.06 | BD5: 48.53
A6: PIANA DEGLI ALBANESI | B6: 32.8 | C6: 23.74 | D6: 23.49 | E6: 21.94 | F6: 21.81 | G6: 21.62 | H6: 21.76 | I6: 20.23 | J6: 18.36 | K6: 16.51 | L6: 15.45 | M6: 14.23 | N6: 14.78 | O6: 15.05 | P6: 15.88 | Q6: 16.75 | R6: 17.96 | S6: 17.16 | T6: 17.59 | U6: 17.72 | V6: 16.02 | W6: 14.32 | X6: 13.24 | Y6: 11.63 | Z6: 10.48 | AA6: 9.62 | AB6: 11.54 | AC6: 11.65 | AD6: 12.33 | AE6: 11.42 | AF6: 10.46 | AG6: 9.71 | AH6: 8.41 | AI6: 7.43 | AJ6: 6.61 | AK6: 5.89 | AL6: 5.18 | AM6: 5.51 | AN6: 7.31 | AO6: 8.8 | AP6: 10.77 | AQ6: 11.29 | AR6: 10.79 | AS6: 10.01 | AT6: 9.16 | AU6: 7.43 | AV6: 7.02 | AW6: 6.2 | AX6: 5.68 | AY6: 5.18 | AZ6: 9.54 | BA6: 16.13 | BB6: 18.37 | BC6: 20.82 | BD6: 19.8
A7: POMA | B7: 72.5 | C7: 69.98 | D7: 72.31 | E7: 71.6 | F7: 70.41 | G7: 68.91 | H7: 66.86 | I7: 62.44 | J7: 57.28 | K7: 51.67 | L7: 47.53 | M7: 44.98 | N7: 45.7 | O7: 45.79 | P7: 47.34 | Q7: 49.14 | R7: 56.16 | S7: 55.4 | T7: 55.96 | U7: 55.12 | V7: 49.81 | W7: 44.8 | X7: 40.75 | Y7: 38.23 | Z7: 36.04 | AA7: 33.95 | AB7: 35.18 | AC7: 34.99 | AD7: 39.61 | AE7: 37.81 | AF7: 35.87 | AG7: 32.63 | AH7: 27.73 | AI7: 23.2 | AJ7: 20.53 | AK7: 18.36 | AL7: 16.52 | AM7: 17.2 | AN7: 20.21 | AO7: 26.3 | AP7: 28.39 | AQ7: 29.63 | AR7: 28.39 | AS7: 25.82 | AT7: 22.65 | AU7: 23.2 | AV7: 17.94 | AW7: 16.24 | AX7: 15.26 | AY7: 14.68 | AZ7: 26.03 | BA7: 44.92 | BB7: 48.73 | BC7: 61.84 | BD7: 60.52
A8: PRIZZI | B8: 9.25 | C8: 7.97 | D8: 7.97 | E8: 7.15 | F8: 7.13 | G8: 7.26 | H8: 6.99 | I8: 5.35 | J8: 4.21 | K8: 3.45 | L8: 2.7 | M8: 2.53 | N8: 2.65 | O8: 2.96 | P8: 4.04 | Q8: 5 | R8: 6.89 | S8: 6.97 | T8: 7.13 | U8: 7.22 | V8: 6.24 | W8: 4.8 | X8: 3.62 | Y8: 2.54 | Z8: 1.81 | AA8: 1.76 | AB8: 1.93 | AC8: 2.21 | AD8: 3.05 | AE8: 3.06 | AF8: 2.98 | AG8: 2.74 | AH8: 2.11 | AI8: 1.94 | AJ8: 1.87 | AK8: 1.81 | AL8: 1.73 | AM8: 1.65 | AN8: 2.45 | AO8: 3.44 | AP8: 4.07 | AQ8: 4.34 | AR8: 4.19 | AS8: 3.91 | AT8: 3.43 | AU8: 1.94 | AV8: 1.37 | AW8: 1.32 | AX8: 1.31 | AY8: 1.45 | AZ8: 4.14 | BA8: 7.73 | BB8: 7.73 | BC8: 7.73 | BD8: 7.69
A9: ROSAMARINA | B9: 100 | C9: 71.33 | D9: 62.31 | E9: 64.77 | F9: 63.69 | G9: 67.77 | H9: 62.21 | I9: 58.55 | J9: 53.15 | K9: 47.85 | L9: 43.65 | M9: 41.11 | N9: 40.26 | O9: 39.01 | P9: 40.55 | Q9: 43.12 | R9: 49.36 | S9: 48.38 | T9: 48.49 | U9: 48.85 | V9: 42.51 | W9: 37.16 | X9: 32.2 | Y9: 28.02 | Z9: 25.38 | AA9: 23.49 | AB9: 21.9 | AC9: 20.98 | AD9: 21.03 | AE9: 19.79 | AF9: 18.86 | AG9: 17.51 | AH9: 16.02 | AI9: 14.78 | AJ9: 13.5 | AK9: 12.37 | AL9: 11.18 | AM9: 10.42 | AN9: 14.42 | AO9: 18.57 | AP9: 20.56 | AQ9: 22.89 | AR9: 26.64 | AS9: 22.53 | AT9: 21.03 | AU9: 14.78 | AV9: 18.02 | AW9: 16.82 | AX9: 15.62 | AY9: 14.56 | AZ9: 24.59 | BA9: 49.15 | BB9: 56.51 | BC9: 66.71 | BD9: 65.57
A10: SCANZANO | B10: 18 | C10: 8.09 | D10: 8.81 | E10: 8.49 | F10: 7.92 | G10: 7.44 | H10: 6.79 | I10: 5.73 | J10: 5.07 | K10: 4.32 | L10: 4.12 | M10: 3.87 | N10: 4.28 | O10: 4.49 | P10: 5.38 | Q10: 6.52 | R10: 8.03 | S10: 7.81 | T10: 7.97 | U10: 7.86 | V10: 7.08 | W10: 6.71 | X10: 5.53 | Y10: 4.49 | Z10: 4.76 | AA10: 4.17 | AB10: 3.78 | AC10: 3.9 | AD10: 5.08 | AE10: 5.04 | AF10: 4.96 | AG10: 3.83 | AH10: 3.72 | AI10: 3.6 | AJ10: 3.55 | AK10: 3.44 | AL10: 3.22 | AM10: 3.33 | AN10: 5.85 | AO10: 6.72 | AP10: 7.27 | AQ10: 7.16 | AR10: 7.02 | AS10: 6.45 | AT10: 5.78 | AU10: 3.6 | AV10: 4.74 | AW10: 4.25 | AX10: 3.72 | AY10: 3.16 | AZ10: 7.02 | BA10: 7.4 | BB10: 7.58 | BC10: 7.31 | BD10: 6.78
A11: Totale | B11: =SUM(B5:B10) -> 312.55 | C11: =SUM(C5:C10) -> 236.41 | D11: =SUM(D5:D10) -> 224.53 | E11: =SUM(E5:E10) -> 226.61 | F11: =SUM(F5:F10) -> 225.3 | G11: =SUM(G5:G10) -> 228.62 | H11: =SUM(H5:H10) -> 220.43 | I11: =SUM(I5:I10) -> 204.06 | ... BD11: =SUM(BD5:BD10) -> 208.89

Sheet % annua di riempimento
A1: DIGA | B1: Capacità invaso (m³) 2026 | C1: % media annua di riempimento per ogni diga N.B. il 2026 è ancora in corso
C3: 2022 | D3: 2023 | E3: 2024 | F3: 2025 | G3: 2026 | H3: media 2022-2025 | I3: Frequenza sotto-soglia in mesi, fino al 2025
A4: GARCIA | B4: 80 | C4: =AVERAGE('Volumi invasi 23-26'!C5:N5)/'Volumi invasi 23-26'!$B$5 -> 0.58125 | D4: =AVERAGE('Volumi invasi 23-26'!O5:Z5)/'Volumi invasi 23-26'!B5 -> 0.57038542 | E4: =AVERAGE('Volumi invasi 23-26'!AA5:AL5)/'Volumi invasi 23-26'!B5 -> 0.24379167 | F4: =AVERAGE('Volumi invasi 23-26'!AM5:AX5)/'Volumi invasi 23-26'!B5 -> 0.17727083 | G4: =AVERAGE('Volumi invasi 23-26'!AY5:BJ5)/'Volumi invasi 23-26'!B5 -> 0.38354167 | H4: =AVERAGE(C4:F4) -> 0.39317448 | I4: =COUNTIF('Volumi invasi 23-26'!C5:AX5, "<" & ('Volumi invasi 23-26'!B5*0.4)) -> 26
A5: PIANA DEGLI ALBANESI | B5: 32.8 | C5: =AVERAGE('Volumi invasi 23-26'!C6:N6)/'Volumi invasi 23-26'!$B$6 -> 0.59430894 | D5: =AVERAGE('Volumi invasi 23-26'!O6:Z6)/'Volumi invasi 23-26'!B6 -> 0.46697154 | E5: =AVERAGE('Volumi invasi 23-26'!AA6:AL6)/'Volumi invasi 23-26'!B6 -> 0.28010671 | F5: =AVERAGE('Volumi invasi 23-26'!AM6:AX6)/'Volumi invasi 23-26'!B6 -> 0.25398882 | G5: =AVERAGE('Volumi invasi 23-26'!AY6:BJ6)/'Volumi invasi 23-26'!B6 -> 0.45650407 | H5: =AVERAGE(C5:F5) -> 0.398844 | I5: =COUNTIF('Volumi invasi 23-26'!C6:AX6, "<" & ('Volumi invasi 23-26'!B6*0.4)) -> 26
A6: POMA | B6: 72.5 | C6: =AVERAGE('Volumi invasi 23-26'!C7:N7)/'Volumi invasi 23-26'!$B$7 -> 0.83870115 | D6: =AVERAGE('Volumi invasi 23-26'!O7:Z7)/'Volumi invasi 23-26'!B7 -> 0.6603908 | E6: =AVERAGE('Volumi invasi 23-26'!AA7:AL7)/'Volumi invasi 23-26'!B7 -> 0.40963218 | F6: =AVERAGE('Volumi invasi 23-26'!AM7:AX7)/'Volumi invasi 23-26'!B7 -> 0.31175862 | G6: =AVERAGE('Volumi invasi 23-26'!AY7:BJ7)/'Volumi invasi 23-26'!B7 -> 0.59016092 | H6: =AVERAGE(C6:F6) -> 0.55512069 | I6: =COUNTIF('Volumi invasi 23-26'!C7:AX7, "<" & ('Volumi invasi 23-26'!B7*0.4)) -> 16
A7: PRIZZI | B7: 9.25 | C7: =AVERAGE('Volumi invasi 23-26'!C8:N8)/'Volumi invasi 23-26'!$B$8 -> 0.58882883 | D7: =AVERAGE('Volumi invasi 23-26'!O8:Z8)/'Volumi invasi 23-26'!B8 -> 0.53351351 | E7: =AVERAGE('Volumi invasi 23-26'!AA8:AL8)/'Volumi invasi 23-26'!B8 -> 0.24495495 | F7: =AVERAGE('Volumi invasi 23-26'!AM8:AX8)/'Volumi invasi 23-26'!B8 -> 0.30108108 | G7: =AVERAGE('Volumi invasi 23-26'!AY8:BJ8)/'Volumi invasi 23-26'!B8 -> 0.65711712 | H7: =AVERAGE(C7:F7) -> 0.41709459 | I7: =COUNTIF('Volumi invasi 23-26'!C8:AX8, "<" & ('Volumi invasi 23-26'!B8*0.4)) -> 28
A8: ROSAMARINA | B8: 100 | C8: =AVERAGE('Volumi invasi 23-26'!C9:N9)/'Volumi invasi 23-26'!$B$9 -> 0.563875 | D8: =AVERAGE('Volumi invasi 23-26'!O9:Z9)/'Volumi invasi 23-26'!B9 -> 0.402525 | E8: =AVERAGE('Volumi invasi 23-26'!AA9:AL9)/'Volumi invasi 23-26'!B9 -> 0.176175 | F8: =AVERAGE('Volumi invasi 23-26'!AM9:AX9)/'Volumi invasi 23-26'!B9 -> 0.18525 | G8: =AVERAGE('Volumi invasi 23-26'!AY9:BJ9)/'Volumi invasi 23-26'!B9 -> 0.46181667 | H8: =AVERAGE(C8:F8) -> 0.33195625 | I8: =COUNTIF('Volumi invasi 23-26'!C9:AX9, "<" & ('Volumi invasi 23-26'!B9*0.4)) -> 29
A9: SCANZANO | B9: 18 | C9: =AVERAGE('Volumi invasi 23-26'!C10:N10)/'Volumi invasi 23-26'!$B$10 -> 0.34689815 | D9: =AVERAGE('Volumi invasi 23-26'!O10:Z10)/'Volumi invasi 23-26'!B10 -> 0.35476852 | E9: =AVERAGE('Volumi invasi 23-26'!AA10:AL10)/'Volumi invasi 23-26'!B10 -> 0.22356481 | F9: =AVERAGE('Volumi invasi 23-26'!AM10:AX10)/'Volumi invasi 23-26'!B10 -> 0.3050463 | G9: =AVERAGE('Volumi invasi 23-26'!AY10:BJ10)/'Volumi invasi 23-26'!B10 -> 0.36342593 | H9: =AVERAGE(C9:F9) -> 0.30756944 | I9: =COUNTIF('Volumi invasi 23-26'!C10:AX10, "<" & ('Volumi invasi 23-26'!B10*0.4)) -> 38
A10: Totale | B10: =SUM(B4:B9) -> 312.55 | C10: =AVERAGE(C4:C9) -> 0.58564368 | D10: =AVERAGE(D4:D9) -> 0.49809247 | E10: =AVERAGE(E4:E9) -> 0.26303755 | F10: =AVERAGE(F4:F9) -> 0.25573261 | G10: =AVERAGE(G4:G9) -> 0.48542773 | H10: =AVERAGE(C10:F10) -> 0.40062658 | I10: =COUNTIF('Volumi invasi 23-26'!C11:AX11, "<" & ('Volumi invasi 23-26'!B11*0.4)) -> 26
